[{
    "id": 29732729,
    "name": "小鸡哔哔",
    "duration": 160444,
    "mp3Url": "http://m1.music.126.net/8lxJqtetznXj-3UrdoUa5Q==/3242459791090790.mp3",
    "album": {
        "id": 2767230,
        "name": "热门华语205"
    },
    "artist": {
        "id": 122455,
        "name": "群星"
    }
}, {
    "id": 19098254,
    "name": "Häschenparty",
    "duration": 164963,
    "mp3Url": "http://m1.music.126.net/dMyZL7vNBvzhrPYFuOHI2A==/1241348627769500.mp3",
    "album": {
        "id": 1750651,
        "name": "Ich hab' Dich lieb"
    },
    "artist": {
        "id": 74809,
        "name": "Schnuffel"
    }
}, {
    "id": 28606305,
    "name": "小苹果",
    "duration": 211618,
    "mp3Url": "http://m1.music.126.net/2z2fVglhYR960oYt9chSYQ==/5991238860026527.mp3",
    "album": {
        "id": 2857059,
        "name": "老男孩之猛龙过江 电影原声"
    },
    "artist": {
        "id": 12081,
        "name": "筷子兄弟"
    }
}, {
    "id": 130846,
    "name": "小三",
    "duration": 287896,
    "mp3Url": "http://m1.music.126.net/D4yRXZR2nBQVnGtbjswvXQ==/1015948744073401.mp3",
    "album": {
        "id": 12662,
        "name": "这条街"
    },
    "artist": {
        "id": 4015,
        "name": "冷漠"
    }
}, {
    "id": 130668,
    "name": "我爱你胜过你爱我",
    "duration": 283847,
    "mp3Url": "http://m1.music.126.net/7j6-s2TekbzH7N4gl-kNfQ==/1307319325433665.mp3",
    "album": {
        "id": 12648,
        "name": "我爱你胜过你爱我"
    },
    "artist": {
        "id": 4015,
        "name": "冷漠"
    }
}, {
    "id": 130837,
    "name": "看透爱情看透你",
    "duration": 278439,
    "mp3Url": "http://m1.music.126.net/BHqy3Y2zB_vbv6hvkEwz7Q==/1128098930106601.mp3",
    "album": {
        "id": 12662,
        "name": "这条街"
    },
    "artist": {
        "id": 4015,
        "name": "冷漠"
    }
}, {
    "id": 130834,
    "name": "这条街",
    "duration": 233744,
    "mp3Url": "http://m1.music.126.net/lPBNY5c7iEUQdWK5I2-7Ug==/1015948744073399.mp3",
    "album": {
        "id": 12662,
        "name": "这条街"
    },
    "artist": {
        "id": 4015,
        "name": "冷漠"
    }
}, {
    "id": 130843,
    "name": "伤心城市",
    "duration": 267363,
    "mp3Url": "http://m1.music.126.net/J-xS2g3TC0gz3D2GMjOQ5A==/6012129580691852.mp3",
    "album": {
        "id": 12662,
        "name": "这条街"
    },
    "artist": {
        "id": 4015,
        "name": "冷漠"
    }
}, {
    "id": 130610,
    "name": "多情的人不该相遇",
    "duration": 276114,
    "mp3Url": "http://m1.music.126.net/ZxsCqv9l09RXLHSjoKEILQ==/1275433488227700.mp3",
    "album": {
        "id": 12642,
        "name": "小三系列新歌+精选"
    },
    "artist": {
        "id": 4015,
        "name": "冷漠"
    }
}, {
    "id": 25638633,
    "name": "元芳你怎么看",
    "duration": 239125,
    "mp3Url": "http://m1.music.126.net/XawUYQH-zxUMvxdgRq9BWg==/1246846185912444.mp3",
    "album": {
        "id": 2261156,
        "name": "元芳你怎么看[单曲]"
    },
    "artist": {
        "id": 4015,
        "name": "冷漠"
    }
}, {
    "id": 130670,
    "name": "小三续集",
    "duration": 249574,
    "mp3Url": "http://m1.music.126.net/Hm8YbQtdO9ETNR-AmRLeJw==/1342503697522224.mp3",
    "album": {
        "id": 12648,
        "name": "我爱你胜过你爱我"
    },
    "artist": {
        "id": 4015,
        "name": "冷漠"
    }
}, {
    "id": 130741,
    "name": "寂寞是你给的苦",
    "duration": 243017,
    "mp3Url": "http://m1.music.126.net/C58CQJyo_AgGPvGIcWCyZw==/1260040325438870.mp3",
    "album": {
        "id": 12655,
        "name": "寂寞是你给的苦"
    },
    "artist": {
        "id": 4015,
        "name": "冷漠"
    }
}]