<?xml version="1.0" encoding="utf-8"?>
<MenuElementTemplate>
  <MenuElement maxwidth="208" minwidth="148" height="28">
    <MenuElementLayout>
      <Container width="40" height="28">
        <MenuButton name="menu_icon" width="18" height="18" float="true" pos="11,5,29,23" normalimage="file='btn/collection.png' source='70,100,80,113'" visible="true"/>
      </Container>
      <MenuLabel name="menu_text" maxwidth="142" minwidth="82" enabledeffect="true" text="网易云音乐" rhaa="5" endellipsis="true" align="left" transtext1="255" transtext="255" textcolor="#FF000000" disabledtextcolor="#FF99999D" visible="true"/>
	  <Container />
      <Container width="26" height="28">
         <Button name="sub_icon" width="8" height="8" float="true" pos="10,10,18,18" normalimage="file='menu/sub_icon.png'" visible="false"/>
      </Container>
    </MenuElementLayout>
  </MenuElement>
</MenuElementTemplate>